{
	"january": {
		"name": "January",
		"short": "Jan",
		"number": 1,
		"days": 31
	},
	"febuary": {
		"name": "February",
		"short": "Feb",
		"number": 2,
		"days": 28
	},
	"march": {
		"name": "March",
		"short": "Mar",
		"number": 3,
		"days": 31
	},
	"april": {
		"name": "April",
		"short": "Apr",
		"number": 4,
		"days": 30
	},
	"may": {
		"name": "May",
		"short": "May",
		"number": 5,
		"days": 31
	},
	"june": {
		"name": "June",
		"short": "Jun",
		"number": 6,
		"days": 30
	},
	"july": {
		"name": "July",
		"short": "Jul",
		"number": 7,
		"days": 31
	},
	"august": {
		"name": "August",
		"short": "Aug",
		"number": 8,
		"days": 31
	},
	"september": {
		"name": "September",
		"short": "Sep",
		"number": 9,
		"days": 30
	},
	"october": {
		"name": "October",
		"short": "Oct",
		"number": 10,
		"days": 31
	},
	"november": {
		"name": "November",
		"short": "Nov",
		"number": 11,
		"days": 30
	},
	"december": {
		"name": "December",
		"short": "Dec",
		"number": 12,
		"days": 31
	}
}
